{"cameraMode":{"drawMode":0,"name":"Shaded","section":"Shading Mode"},"sceneLighting":true,"audioPlay":false,"sceneViewState":{"m_AlwaysRefresh":false,"showFog":true,"showSkybox":true,"showFlares":true,"showImageEffects":true,"showParticleSystems":true,"showVisualEffectGraphs":true,"m_FxEnabled":true},"in2DMode":false,"pivot":{"x":-29.252601623535158,"y":17.375450134277345,"z":3.930452346801758},"rotation":{"x":0.0016708411276340485,"y":-0.9512535333633423,"z":0.3083878755569458,"w":0.005143304355442524},"size":14.499675750732422,"orthographic":false}